Spicy Soup,Fire Burst,
Spicy Soup,Fire Burst,,Hot Sauce,
Spicy Soup,Fire Burst,,Spicy Pasta Dish,Hot Sauce,Hot Sauce,Fresh Pasta Bunch
Spicy Soup,Fire Burst,,Spicy Pasta Dish,Hot Sauce,Volcano Shroom,Fresh Pasta Bunch,Hot Sauce,Shroom Shake
Spicy Soup,Fire Burst,,Spicy Pasta Dish,Hot Sauce,Volcano Shroom,Fresh Pasta Bunch,Hot Sauce,Long-Last Shake
Spicy Soup,Fire Burst,,Spicy Pasta Dish,Hot Sauce,Volcano Shroom,Fresh Pasta Bunch,Hot Sauce,Volt Shroom
Spicy Soup,Fire Burst,,Spicy Pasta Dish,Hot Sauce,Volcano Shroom,Fresh Pasta Bunch,Hot Sauce,Super Shroom Shake
Spicy Soup,Fire Burst,,Spicy Pasta Dish,Hot Sauce,Volcano Shroom,Fresh Pasta Bunch,Hot Sauce,Life Shroom
Spicy Soup,Fire Burst,,Spicy Pasta Dish,Hot Sauce,Volcano Shroom,Fresh Pasta Bunch,Hot Sauce,Ultra Shroom Shake
Spicy Soup,Fire Burst,,Spicy Pasta Dish,Hot Sauce,Volcano Shroom,Fresh Pasta Bunch,Hot Sauce,Slimy Shroom
Spicy Soup,Fire Burst,,Spicy Pasta Dish,Hot Sauce,Spaghetti Plate,Hot Sauce,Fresh Pasta Bunch,
Spicy Soup,Fire Burst,,Spicy Pasta Dish,Hot Sauce,Spaghetti Plate,Hot Sauce,Fresh Pasta Bunch,Shroom Shake
Spicy Soup,Fire Burst,,Spicy Pasta Dish,Hot Sauce,Spaghetti Plate,Hot Sauce,Fresh Pasta Bunch,Long-Last Shake
Spicy Soup,Fire Burst,,Spicy Pasta Dish,Hot Sauce,Spaghetti Plate,Hot Sauce,Fresh Pasta Bunch,Volt Shroom
Spicy Soup,Fire Burst,,Spicy Pasta Dish,Hot Sauce,Spaghetti Plate,Hot Sauce,Fresh Pasta Bunch,Super Shroom Shake
Spicy Soup,Fire Burst,,Spicy Pasta Dish,Hot Sauce,Spaghetti Plate,Hot Sauce,Fresh Pasta Bunch,Life Shroom
Spicy Soup,Fire Burst,,Spicy Pasta Dish,Hot Sauce,Spaghetti Plate,Hot Sauce,Fresh Pasta Bunch,Ultra Shroom Shake
Spicy Soup,Fire Burst,,Spicy Pasta Dish,Hot Sauce,Spaghetti Plate,Hot Sauce,Fresh Pasta Bunch,Slimy Shroom
Spicy Soup,Fire Burst,,Spicy Pasta Dish,Hot Sauce,Spaghetti Plate,Hot Sauce,Fresh Pasta Bunch,Cake Mix
Spicy Soup,Fire Burst,,Spicy Pasta Dish,Hot Sauce,Spaghetti Plate,Hot Sauce,Fresh Pasta Bunch,Big Egg
Spicy Soup,Fire Burst,,Spicy Pasta Dish,Hot Sauce,Spaghetti Plate,Hot Sauce,Peachy Peach,Fresh Pasta Bunch
Spicy Soup,Fire Burst,,Spicy Pasta Dish,Hot Sauce,Spaghetti Plate,Hot Sauce,Keel Mango,Fresh Pasta Bunch
Spicy Soup,Fire Burst,,Spicy Pasta Dish,Hot Sauce,Spaghetti Plate,Hot Sauce,Blue Apple,Fresh Pasta Bunch
Spicy Soup,Fire Burst,,Spicy Pasta Dish,Hot Sauce,Spaghetti Plate,Hot Sauce,Red Apple,Fresh Pasta Bunch
Spicy Soup,Fire Burst,,Spicy Pasta Dish,Hot Sauce,Spaghetti Plate,Hot Sauce,Pink Apple,Fresh Pasta Bunch
Spicy Soup,Fire Burst,,Spicy Pasta Dish,Hot Sauce,Spaghetti Plate,Hot Sauce,Honey Jar,Fresh Pasta Bunch
Spicy Soup,Fire Burst,,Spicy Pasta Dish,Hot Sauce,Spaghetti Plate,Hot Sauce,Dayzee Tear,Fresh Pasta Bunch
Spicy Soup,Fire Burst,,Spicy Pasta Dish,Hot Sauce,Spaghetti Plate,Hot Sauce,Sap Soup,Fresh Pasta Bunch
Spicy Soup,Fire Burst,,Spicy Pasta Dish,Hot Sauce,Spaghetti Plate,Hot Sauce,Fresh Veggie,Fresh Pasta Bunch
Spicy Soup,Fire Burst,,Spicy Pasta Dish,Hot Sauce,Spaghetti Plate,Hot Sauce,Smelly Herb,Fresh Pasta Bunch
Spicy Soup,Fire Burst,,Spicy Pasta Dish,Hot Sauce,Spaghetti Plate,Hot Sauce,Whacka Bump,Fresh Pasta Bunch
Spicy Soup,Fire Burst,,Spicy Pasta Dish,Hot Sauce,Spaghetti Plate,Hot Sauce,Horsetail,Fresh Pasta Bunch
Spicy Soup,Fire Burst,,Spicy Pasta Dish,Hot Sauce,Meat Pasta Dish,Hot Sauce,Power Steak,Fresh Pasta Bunch
Spicy Soup,Fire Burst,,Spicy Pasta Dish,Hot Sauce,Meat Pasta Dish,Hot Sauce,Bone-In Cut,Fresh Pasta Bunch
Spicy Soup,Fire Burst,,Spicy Pasta Dish,Hot Sauce,Ink Pasta Dish,Hot Sauce,Inky Sauce,Fresh Pasta Bunch
Spicy Soup,Fire Burst,,Spicy Pasta Dish,Hot Sauce,Koopasta Dish,Hot Sauce,Turtley Leaf,Fresh Pasta Bunch
Spicy Soup,Fire Burst,,Spicy Pasta Dish,Hot Sauce,Choco Pasta Dish,Hot Sauce,Mild Cocoa Bean,Fresh Pasta Bunch
Spicy Soup,Fire Burst,,Spicy Pasta Dish,Hot Sauce,Spicy Dinner,Fresh Pasta Bunch,Hot Sauce,Big Egg
Spicy Soup,Fire Burst,,Spicy Pasta Dish,Hot Sauce,Spicy Dinner,Fresh Pasta Bunch,Hot Sauce,Power Steak
Spicy Soup,Fire Burst,,Spicy Pasta Dish,Hot Sauce,Spicy Dinner,Fresh Pasta Bunch,Hot Sauce,Bone-In Cut
Spicy Soup,Fire Burst,,Spicy Pasta Dish,Hot Sauce,Spicy Dinner,Fresh Pasta Bunch,Hot Sauce,Peachy Peach
Spicy Soup,Fire Burst,,Spicy Pasta Dish,Hot Sauce,Spicy Dinner,Fresh Pasta Bunch,Hot Sauce,Keel Mango
Spicy Soup,Fire Burst,,Spicy Pasta Dish,Hot Sauce,Spicy Dinner,Fresh Pasta Bunch,Hot Sauce,Blue Apple
Spicy Soup,Fire Burst,,Spicy Pasta Dish,Hot Sauce,Spicy Dinner,Fresh Pasta Bunch,Hot Sauce,Red Apple
Spicy Soup,Fire Burst,,Spicy Pasta Dish,Hot Sauce,Spicy Dinner,Fresh Pasta Bunch,Hot Sauce,Pink Apple
Spicy Soup,Fire Burst,,Spicy Pasta Dish,Hot Sauce,Spicy Dinner,Fresh Pasta Bunch,Hot Sauce,Mild Cocoa Bean
Spicy Soup,Fire Burst,,Spicy Pasta Dish,Hot Sauce,Spicy Dinner,Fresh Pasta Bunch,Hot Sauce,Honey Jar
Spicy Soup,Fire Burst,,Spicy Pasta Dish,Hot Sauce,Spicy Dinner,Fresh Pasta Bunch,Dayzee Tear,Hot Sauce
Spicy Soup,Fire Burst,,Spicy Pasta Dish,Hot Sauce,Spicy Dinner,Fresh Pasta Bunch,Fresh Veggie,Hot Sauce
Spicy Soup,Fire Burst,,Spicy Pasta Dish,Hot Sauce,Spicy Dinner,Fresh Pasta Bunch,Smelly Herb,Hot Sauce
Spicy Soup,Fire Burst,,Spicy Pasta Dish,Hot Sauce,Spicy Dinner,Fresh Pasta Bunch,Whacka Bump,Hot Sauce
Spicy Soup,Fire Burst,,Spicy Pasta Dish,Hot Sauce,Spicy Dinner,Fresh Pasta Bunch,Horsetail,Hot Sauce
Spicy Soup,Fire Burst,,Spicy Dinner,Hot Sauce,Hot Sauce,Big Egg
Spicy Soup,Fire Burst,,Spicy Dinner,Hot Sauce,Hot Sauce,Power Steak
Spicy Soup,Fire Burst,,Spicy Dinner,Hot Sauce,Hot Sauce,Bone-In Cut
Spicy Soup,Fire Burst,,Spicy Dinner,Hot Sauce,Hot Sauce,Peachy Peach
Spicy Soup,Fire Burst,,Spicy Dinner,Hot Sauce,Hot Sauce,Keel Mango
Spicy Soup,Fire Burst,,Spicy Dinner,Hot Sauce,Hot Sauce,Blue Apple
Spicy Soup,Fire Burst,,Spicy Dinner,Hot Sauce,Hot Sauce,Red Apple
Spicy Soup,Fire Burst,,Spicy Dinner,Hot Sauce,Hot Sauce,Pink Apple
Spicy Soup,Fire Burst,,Spicy Dinner,Hot Sauce,Hot Sauce,Mild Cocoa Bean
Spicy Soup,Fire Burst,,Spicy Dinner,Hot Sauce,Hot Sauce,Honey Jar
Spicy Soup,Fire Burst,,Spicy Dinner,Hot Sauce,Dayzee Tear,Hot Sauce
Spicy Soup,Fire Burst,,Spicy Dinner,Hot Sauce,Fresh Veggie,Hot Sauce
Spicy Soup,Fire Burst,,Spicy Dinner,Hot Sauce,Smelly Herb,Hot Sauce
Spicy Soup,Fire Burst,,Spicy Dinner,Hot Sauce,Whacka Bump,Hot Sauce
Spicy Soup,Fire Burst,,Spicy Dinner,Hot Sauce,Horsetail,Hot Sauce
Spicy Soup,Fire Burst,,Spicy Dinner,Hot Sauce,Volcano Shroom,Hot Sauce,Hot Sauce,Shroom Shake
Spicy Soup,Fire Burst,,Spicy Dinner,Hot Sauce,Volcano Shroom,Hot Sauce,Hot Sauce,Long-Last Shake
Spicy Soup,Fire Burst,,Spicy Dinner,Hot Sauce,Volcano Shroom,Hot Sauce,Hot Sauce,Volt Shroom
Spicy Soup,Fire Burst,,Spicy Dinner,Hot Sauce,Volcano Shroom,Hot Sauce,Hot Sauce,Super Shroom Shake
Spicy Soup,Fire Burst,,Spicy Dinner,Hot Sauce,Volcano Shroom,Hot Sauce,Hot Sauce,Life Shroom
Spicy Soup,Fire Burst,,Spicy Dinner,Hot Sauce,Volcano Shroom,Hot Sauce,Hot Sauce,Ultra Shroom Shake
Spicy Soup,Fire Burst,,Spicy Dinner,Hot Sauce,Volcano Shroom,Hot Sauce,Hot Sauce,Slimy Shroom
Spicy Soup,Fire Burst,,Spicy Dinner,Spicy Pasta Dish,Hot Sauce,Big Egg,Hot Sauce,Fresh Pasta Bunch
Spicy Soup,Fire Burst,,Spicy Dinner,Spicy Pasta Dish,Hot Sauce,Power Steak,Hot Sauce,Fresh Pasta Bunch
Spicy Soup,Fire Burst,,Spicy Dinner,Spicy Pasta Dish,Hot Sauce,Bone-In Cut,Hot Sauce,Fresh Pasta Bunch
Spicy Soup,Fire Burst,,Spicy Dinner,Spicy Pasta Dish,Hot Sauce,Peachy Peach,Hot Sauce,Fresh Pasta Bunch
Spicy Soup,Fire Burst,,Spicy Dinner,Spicy Pasta Dish,Hot Sauce,Keel Mango,Hot Sauce,Fresh Pasta Bunch
Spicy Soup,Fire Burst,,Spicy Dinner,Spicy Pasta Dish,Hot Sauce,Blue Apple,Hot Sauce,Fresh Pasta Bunch
Spicy Soup,Fire Burst,,Spicy Dinner,Spicy Pasta Dish,Hot Sauce,Red Apple,Hot Sauce,Fresh Pasta Bunch
Spicy Soup,Fire Burst,,Spicy Dinner,Spicy Pasta Dish,Hot Sauce,Pink Apple,Hot Sauce,Fresh Pasta Bunch
Spicy Soup,Fire Burst,,Spicy Dinner,Spicy Pasta Dish,Hot Sauce,Mild Cocoa Bean,Hot Sauce,Fresh Pasta Bunch
Spicy Soup,Fire Burst,,Spicy Dinner,Spicy Pasta Dish,Hot Sauce,Honey Jar,Hot Sauce,Fresh Pasta Bunch
Spicy Soup,Fire Burst,,Spicy Dinner,Spicy Pasta Dish,Dayzee Tear,Hot Sauce,Hot Sauce,Fresh Pasta Bunch
Spicy Soup,Fire Burst,,Spicy Dinner,Spicy Pasta Dish,Fresh Veggie,Hot Sauce,Hot Sauce,Fresh Pasta Bunch
Spicy Soup,Fire Burst,,Spicy Dinner,Spicy Pasta Dish,Smelly Herb,Hot Sauce,Hot Sauce,Fresh Pasta Bunch
Spicy Soup,Fire Burst,,Spicy Dinner,Spicy Pasta Dish,Whacka Bump,Hot Sauce,Hot Sauce,Fresh Pasta Bunch
Spicy Soup,Fire Burst,,Spicy Dinner,Spicy Pasta Dish,Horsetail,Hot Sauce,Hot Sauce,Fresh Pasta Bunch
Spicy Soup,Fire Burst,,Egg Bomb,Hot Sauce,Big Egg,Fire Burst
Spicy Soup,Fire Burst,,Egg Bomb,Hot Sauce,Big Egg,Fire Burst,Hot Sauce,
Spicy Soup,Fire Burst,,Egg Bomb,Hot Sauce,Big Egg,Thunder Rage
Spicy Soup,Fire Burst,,Egg Bomb,Hot Sauce,Big Egg,POW Block
Spicy Soup,Fire Burst,,Egg Bomb,Hot Sauce,Volcano Shroom,Big Egg,Hot Sauce,Shroom Shake
Spicy Soup,Fire Burst,,Egg Bomb,Hot Sauce,Volcano Shroom,Big Egg,Hot Sauce,Long-Last Shake
Spicy Soup,Fire Burst,,Egg Bomb,Hot Sauce,Volcano Shroom,Big Egg,Hot Sauce,Volt Shroom
Spicy Soup,Fire Burst,,Egg Bomb,Hot Sauce,Volcano Shroom,Big Egg,Hot Sauce,Super Shroom Shake
Spicy Soup,Fire Burst,,Egg Bomb,Hot Sauce,Volcano Shroom,Big Egg,Hot Sauce,Life Shroom
Spicy Soup,Fire Burst,,Egg Bomb,Hot Sauce,Volcano Shroom,Big Egg,Hot Sauce,Ultra Shroom Shake
Spicy Soup,Fire Burst,,Egg Bomb,Hot Sauce,Volcano Shroom,Big Egg,Hot Sauce,Slimy Shroom
Spicy Soup,Fire Burst,,Egg Bomb,Hot Sauce,Megaton Dinner,Big Egg,POW Block,
Spicy Soup,Fire Burst,,Egg Bomb,Hot Sauce,Megaton Dinner,Big Egg,Shroom Shake,POW Block
Spicy Soup,Fire Burst,,Egg Bomb,Hot Sauce,Megaton Dinner,Big Egg,Long-Last Shake,POW Block
Spicy Soup,Fire Burst,,Egg Bomb,Hot Sauce,Megaton Dinner,Big Egg,Volt Shroom,POW Block
Spicy Soup,Fire Burst,,Egg Bomb,Hot Sauce,Megaton Dinner,Big Egg,Super Shroom Shake,POW Block
Spicy Soup,Fire Burst,,Egg Bomb,Hot Sauce,Megaton Dinner,Big Egg,Life Shroom,POW Block
Spicy Soup,Fire Burst,,Egg Bomb,Hot Sauce,Megaton Dinner,Big Egg,Ultra Shroom Shake,POW Block
Spicy Soup,Fire Burst,,Egg Bomb,Hot Sauce,Megaton Dinner,Big Egg,Slimy Shroom,POW Block
Spicy Soup,Fire Burst,,Egg Bomb,Hot Sauce,Megaton Dinner,Big Egg,Fresh Pasta Bunch,POW Block
Spicy Soup,Fire Burst,,Egg Bomb,Hot Sauce,Megaton Dinner,Big Egg,Power Steak,POW Block
Spicy Soup,Fire Burst,,Egg Bomb,Hot Sauce,Megaton Dinner,Big Egg,Bone-In Cut,POW Block
